id,name,slug,parent_id,description,seo_title,seo_description,product_count,created_at,updated_at,category_path
007c6518-f807-43af-bcfb-7b18e17e5402,Kött & Fågel,konserver-chark-kott-och-fagel-kott-fagel,,Produkter inom kött & fågel.,Handla Kött & Fågel Online - 5+ produkter | Vihandlar.se,Jämför priser på 5+ kött & fågel-produkter från flera butiker. Snabb leverans direkt hem.,5,2025-11-16 23:17:42.280383+00,2025-11-16 23:17:42.280383+00,konserver-chark - kott-och-fagel - Kött & Fågel
0099b25d-9c10-4074-aa69-0662c60d6977,Kök & Hushåll,kok-hushall-kok-hushall,,Produkter inom kök & hushåll.,Handla Kök & Hushåll Online - 1+ produkter | Vihandlar.se,Jämför priser på 1+ kök & hushåll-produkter från flera butiker. Snabb leverans direkt hem.,1,2025-11-16 23:17:42.280383+00,2025-11-16 23:17:42.280383+00,kok-hushall - Kök & Hushåll
009d9779-938a-47c9-9dde-13da41444884,Kryddblandningar,kryddor-kryddblandningar-kryddblandningar,,Produkter inom kryddblandningar.,Handla Kryddblandningar Online - 14+ produkter | Vihandlar.se,Jämför priser på 14+ kryddblandningar-produkter från flera butiker. Snabb leverans direkt hem.,14,2025-11-16 23:17:42.280383+00,2025-11-16 23:17:42.280383+00,kryddor - kryddblandningar - Kryddblandningar
0172f7d4-8abc-4ad5-b6cf-e7a0c64496c7,Riskakor & Majskakor,hart-brod-och-fika-riskakor-riskakor-majskakor,,Produkter inom riskakor & majskakor.,Handla Riskakor & Majskakor Online - 1+ produkter | Vihandlar.se,Jämför priser på 1+ riskakor & majskakor-produkter från flera butiker. Snabb leverans direkt hem.,1,2025-11-16 23:17:42.280383+00,2025-11-16 23:17:42.280383+00,hart-brod-och-fika - riskakor - Riskakor & Majskakor
01a2271c-475e-4e2d-b6f4-5f5f37a6ebda,Dip,dessert-konfektyr-snacks-dip-dip,,Produkter inom dip.,Handla Dip Online - 1+ produkter | Vihandlar.se,Jämför priser på 1+ dip-produkter från flera butiker. Snabb leverans direkt hem.,1,2025-11-16 23:17:42.280383+00,2025-11-16 23:17:42.280383+00,dessert-konfektyr-snacks - dip - Dip
0465701a-d7ed-4f8e-958e-4c5c8aea6edf,Smaksättare (Kaffe & Te),kaffe-te-smaksattare-for-kaffe-te-smaksattare-kaffe-te,,Produkter inom smaksättare (kaffe & te).,Handla Smaksättare (Kaffe & Te) Online - 1+ produkter | Vihandlar.se,Jämför priser på 1+ smaksättare (kaffe & te)-produkter från flera butiker. Snabb leverans direkt hem.,1,2025-11-16 23:17:42.280383+00,2025-11-16 23:17:42.280383+00,kaffe-te - smaksattare-for-kaffe-te - Smaksättare (Kaffe & Te)
05ad0662-4486-4cc0-b017-65b8b17153b4,Linser,bonor-artor-och-linser-linser-linser,,Produkter inom linser.,Handla Linser Online - 3+ produkter | Vihandlar.se,Jämför priser på 3+ linser-produkter från flera butiker. Snabb leverans direkt hem.,3,2025-11-16 23:17:42.280383+00,2025-11-16 23:17:42.280383+00,bonor-artor-och-linser - linser - Linser
065da58a-303a-44fe-9fb7-b1e119061788,Spreads,sylt-marmelad-spreads-spreads,,Produkter inom spreads.,Handla Spreads Online - 4+ produkter | Vihandlar.se,Jämför priser på 4+ spreads-produkter från flera butiker. Snabb leverans direkt hem.,4,2025-11-16 23:17:42.280383+00,2025-11-16 23:17:42.280383+00,sylt-marmelad - spreads - Spreads
08cf1f67-da83-41ad-b30b-46211ef9c8dd,Sojadryck,dryck-havredryck-sojadryck-sojadryck,,Produkter inom sojadryck.,Handla Sojadryck Online - 1+ produkter | Vihandlar.se,Jämför priser på 1+ sojadryck-produkter från flera butiker. Snabb leverans direkt hem.,1,2025-11-16 23:17:42.280383+00,2025-11-16 23:17:42.280383+00,dryck - havredryck - sojadryck - Sojadryck
110b2926-73cf-455d-826a-58bb3fe2441c,Örtkryddor,kryddor-ortkryddor-ortkryddor,,Produkter inom örtkryddor.,Handla Örtkryddor Online - 8+ produkter | Vihandlar.se,Jämför priser på 8+ örtkryddor-produkter från flera butiker. Snabb leverans direkt hem.,8,2025-11-16 23:17:42.280383+00,2025-11-16 23:17:42.280383+00,kryddor - ortkryddor - Örtkryddor
140d02f7-0b6e-4e44-b799-426f5a0c6d19,Praliner & Tryfflar,dessert-konfektyr-snacks-choklad-och-chokladstycksaker-praliner-praliner-tryfflar,,Produkter inom praliner & tryfflar.,Handla Praliner & Tryfflar Online - 13+ produkter | Vihandlar.se,Jämför priser på 13+ praliner & tryfflar-produkter från flera butiker. Snabb leverans direkt hem.,13,2025-11-16 23:17:42.280383+00,2025-11-16 23:17:42.280383+00,dessert-konfektyr-snacks - choklad-och-chokladstycksaker - praliner - Praliner & Tryfflar
1624a0f6-79a3-4274-b631-482cabbda6a1,Barista,dryck-havredryck-barista-barista,,Produkter inom barista.,Handla Barista Online - 3+ produkter | Vihandlar.se,Jämför priser på 3+ barista-produkter från flera butiker. Snabb leverans direkt hem.,3,2025-11-16 23:17:42.280383+00,2025-11-16 23:17:42.280383+00,dryck - havredryck - barista - Barista
1769a735-f6d0-48f3-8e7c-2217f5cf300a,Fullkornsris,ris-gryn-matkorn-ris-ris-fullkorn-fullkornsris,,Produkter inom fullkornsris.,Handla Fullkornsris Online - 1+ produkter | Vihandlar.se,Jämför priser på 1+ fullkornsris-produkter från flera butiker. Snabb leverans direkt hem.,1,2025-11-16 23:17:42.280383+00,2025-11-16 23:17:42.280383+00,ris-gryn-matkorn - ris - ris-fullkorn - Fullkornsris
178f4092-3bea-4edd-8ed4-e3ef81a31e58,Grill & Grilltillbehör,kok-hushall-grill-och-grilltillbehor-grill-grilltillbehor,,Produkter inom grill & grilltillbehör.,Handla Grill & Grilltillbehör Online - 1+ produkter | Vihandlar.se,Jämför priser på 1+ grill & grilltillbehör-produkter från flera butiker. Snabb leverans direkt hem.,1,2025-11-16 23:17:42.280383+00,2025-11-16 23:17:42.280383+00,kok-hushall - grill-och-grilltillbehor - Grill & Grilltillbehör
18813ea0-6f4b-4290-811e-5fb601d50814,Sylt,sylt-marmelad-sylt-sylt,,Produkter inom sylt.,Handla Sylt Online - 9+ produkter | Vihandlar.se,Jämför priser på 9+ sylt-produkter från flera butiker. Snabb leverans direkt hem.,9,2025-11-16 23:17:42.280383+00,2025-11-16 23:17:42.280383+00,sylt-marmelad - sylt - Sylt
1a85d860-74d7-422d-be6f-1ab872fe8a10,Övrig Sås,smaksattare-ovrig-sas-ovrig-sas,,Produkter inom övrig sås.,Handla Övrig Sås Online - 11+ produkter | Vihandlar.se,Jämför priser på 11+ övrig sås-produkter från flera butiker. Snabb leverans direkt hem.,11,2025-11-16 23:17:42.280383+00,2025-11-16 23:17:42.280383+00,smaksattare - ovrig-sas - Övrig Sås
1bf65b53-ac85-4c15-9c4d-aa4495badd8f,Fisk & Skaldjur,konserver-chark-fisk-och-skaldjur-fisk-skaldjur,,Produkter inom fisk & skaldjur.,Handla Fisk & Skaldjur Online - 18+ produkter | Vihandlar.se,Jämför priser på 18+ fisk & skaldjur-produkter från flera butiker. Snabb leverans direkt hem.,18,2025-11-16 23:17:42.280383+00,2025-11-16 23:17:42.280383+00,konserver-chark - fisk-och-skaldjur - Fisk & Skaldjur
1da73cc7-176b-43cc-b929-f03077f01d75,Servering,kok-hushall-servering-servering,,Produkter inom servering.,Handla Servering Online - 3+ produkter | Vihandlar.se,Jämför priser på 3+ servering-produkter från flera butiker. Snabb leverans direkt hem.,3,2025-11-16 23:17:42.280383+00,2025-11-16 23:17:42.280383+00,kok-hushall - servering - Servering
20565eae-bd55-43be-8f72-ef83b14c4b1a,Torkad Frukt & Bär,notter-fron-torkad-frukt-torkad-frukt-bar-torkad-frukt-bar,,Produkter inom torkad frukt & bär.,Handla Torkad Frukt & Bär Online - 9+ produkter | Vihandlar.se,Jämför priser på 9+ torkad frukt & bär-produkter från flera butiker. Snabb leverans direkt hem.,9,2025-11-16 23:17:42.280383+00,2025-11-16 23:17:42.280383+00,notter-fron-torkad-frukt - torkad-frukt-bar - Torkad Frukt & Bär
20d80030-98ee-423b-bc43-a679d6a2f5b3,Nötolja,olja-vin-vinager-och-balsamico-notolja-notolja,,Produkter inom nötolja.,Handla Nötolja Online - 3+ produkter | Vihandlar.se,Jämför priser på 3+ nötolja-produkter från flera butiker. Snabb leverans direkt hem.,3,2025-11-16 23:17:42.280383+00,2025-11-16 23:17:42.280383+00,olja-vin-vinager-och-balsamico - notolja - Nötolja
22b7fd0c-e9cc-4ee6-b481-a6aae0274e3d,Panettone,hogtider-tillfallen-jul-panettone-panettone,,Produkter inom panettone.,Handla Panettone Online - 1+ produkter | Vihandlar.se,Jämför priser på 1+ panettone-produkter från flera butiker. Snabb leverans direkt hem.,1,2025-11-16 23:17:42.280383+00,2025-11-16 23:17:42.280383+00,hogtider-tillfallen - jul - panettone - Panettone
23a95c94-7ec0-4d72-87fb-e1b2b790d85b,Bönor,bonor-artor-och-linser-bonor-bonor,,Produkter inom bönor.,Handla Bönor Online - 6+ produkter | Vihandlar.se,Jämför priser på 6+ bönor-produkter från flera butiker. Snabb leverans direkt hem.,6,2025-11-16 23:17:42.280383+00,2025-11-16 23:17:42.280383+00,bonor-artor-och-linser - bonor - Bönor
23ceade5-21ef-4633-9932-0d260f995acc,Chilikryddor,kryddor-chilikryddor-chilikryddor,,Produkter inom chilikryddor.,Handla Chilikryddor Online - 10+ produkter | Vihandlar.se,Jämför priser på 10+ chilikryddor-produkter från flera butiker. Snabb leverans direkt hem.,10,2025-11-16 23:17:42.280383+00,2025-11-16 23:17:42.280383+00,kryddor - chilikryddor - Chilikryddor
23ffc405-f5c9-4db3-ad68-ea87ddfa5252,Rena Kryddor,kryddor-rena-kryddor-rena-kryddor,,Produkter inom rena kryddor.,Handla Rena Kryddor Online - 10+ produkter | Vihandlar.se,Jämför priser på 10+ rena kryddor-produkter från flera butiker. Snabb leverans direkt hem.,10,2025-11-16 23:17:42.280383+00,2025-11-16 23:17:42.280383+00,kryddor - rena-kryddor - Rena Kryddor
24992644-1eba-4a5e-9b43-a755623b3050,Charkuterier,konserver-chark-charkuterier-charkuterier,,Produkter inom charkuterier.,Handla Charkuterier Online - 8+ produkter | Vihandlar.se,Jämför priser på 8+ charkuterier-produkter från flera butiker. Snabb leverans direkt hem.,8,2025-11-16 23:17:42.280383+00,2025-11-16 23:17:42.280383+00,konserver-chark - charkuterier - Charkuterier
275cf733-9e44-4b9c-8b05-8dc408b9ade5,Dessertsåser,dessert-konfektyr-snacks-dessert-dessertsaser-dessertsaser,,Produkter inom dessertsåser.,Handla Dessertsåser Online - 9+ produkter | Vihandlar.se,Jämför priser på 9+ dessertsåser-produkter från flera butiker. Snabb leverans direkt hem.,9,2025-11-16 23:17:42.280383+00,2025-11-16 23:17:42.280383+00,dessert-konfektyr-snacks - dessert - dessertsaser - Dessertsåser
286945f2-fa16-4b4d-b5a1-3bc2813ef447,Ris & Risotto,ris-gryn-matkorn-ris-ris-risotto,,Produkter inom ris & risotto.,Handla Ris & Risotto Online - 6+ produkter | Vihandlar.se,Jämför priser på 6+ ris & risotto-produkter från flera butiker. Snabb leverans direkt hem.,6,2025-11-16 23:17:42.280383+00,2025-11-16 23:17:42.280383+00,ris-gryn-matkorn - ris - Ris & Risotto
305e90ff-9915-41f2-b7f0-946bea01c996,Citron  Lime  Ingefära,smaksattare-pressad-citron-och-lime-citron-lime-ingefara,,Produkter inom citron  lime  ingefära.,Handla Citron  Lime  Ingefära Online - 3+ produkter | Vihandlar.se,Jämför priser på 3+ citron  lime  ingefära-produkter från flera butiker. Snabb leverans direkt hem.,3,2025-11-16 23:17:42.280383+00,2025-11-16 23:17:42.280383+00,smaksattare - pressad-citron-och-lime - Citron  Lime  Ingefära
3152f28d-ddd4-4bb8-b93d-3df42dd07669,Knivar & Bestick,kok-hushall-knivar-och-bestick-knivar-bestick,,Produkter inom knivar & bestick.,Handla Knivar & Bestick Online - 3+ produkter | Vihandlar.se,Jämför priser på 3+ knivar & bestick-produkter från flera butiker. Snabb leverans direkt hem.,3,2025-11-16 23:17:42.280383+00,2025-11-16 23:17:42.280383+00,kok-hushall - knivar-och-bestick - Knivar & Bestick
3180dc52-e6b1-4122-b060-8b269279889a,Bröd & Knäckebröd,hart-brod-och-fika-hart-brod-och-knackebrod-brod-knackebrod,,Produkter inom bröd & knäckebröd.,Handla Bröd & Knäckebröd Online - 12+ produkter | Vihandlar.se,Jämför priser på 12+ bröd & knäckebröd-produkter från flera butiker. Snabb leverans direkt hem.,12,2025-11-16 23:17:42.280383+00,2025-11-16 23:17:42.280383+00,hart-brod-och-fika - hart-brod-och-knackebrod - Bröd & Knäckebröd
3236e027-05dc-470b-90eb-26650b5055c1,Kaffekapslar,kaffe-te-kaffekapslar-kaffekapslar,,Produkter inom kaffekapslar.,Handla Kaffekapslar Online - 2+ produkter | Vihandlar.se,Jämför priser på 2+ kaffekapslar-produkter från flera butiker. Snabb leverans direkt hem.,2,2025-11-16 23:17:42.280383+00,2025-11-16 23:17:42.280383+00,kaffe-te - kaffekapslar - Kaffekapslar
35e87958-3b9a-4f88-bf17-9a3b9e704b0a,Skorpor & Ströbröd,hart-brod-och-fika-skorpor-och-strobrod-skorpor-strobrod,,Produkter inom skorpor & ströbröd.,Handla Skorpor & Ströbröd Online - 2+ produkter | Vihandlar.se,Jämför priser på 2+ skorpor & ströbröd-produkter från flera butiker. Snabb leverans direkt hem.,2,2025-11-16 23:17:42.280383+00,2025-11-16 23:17:42.280383+00,hart-brod-och-fika - skorpor-och-strobrod - Skorpor & Ströbröd
363b967c-77cc-4a02-a120-503b9edcbe11,Storpack,foretag-storpack-storpack-storpack,,Produkter inom storpack.,Handla Storpack Online - 1+ produkter | Vihandlar.se,Jämför priser på 1+ storpack-produkter från flera butiker. Snabb leverans direkt hem.,1,2025-11-16 23:17:42.280383+00,2025-11-16 23:17:42.280383+00,foretag-storpack - storpack - Storpack
370f22aa-64db-4c49-b6b3-54bc6a88349e,Choklad,dessert-konfektyr-snacks-choklad-och-chokladstycksaker-choklad,,Produkter inom choklad.,Handla Choklad Online - 24+ produkter | Vihandlar.se,Jämför priser på 24+ choklad-produkter från flera butiker. Snabb leverans direkt hem.,24,2025-11-16 23:17:42.280383+00,2025-11-16 23:17:42.280383+00,dessert-konfektyr-snacks - choklad-och-chokladstycksaker - Choklad
376488de-5879-44ad-9269-727c3b95b4d5,Glögg,dryck-glogg-glogg,,Produkter inom glögg.,Handla Glögg Online - 8+ produkter | Vihandlar.se,Jämför priser på 8+ glögg-produkter från flera butiker. Snabb leverans direkt hem.,8,2025-11-16 23:17:42.280383+00,2025-11-16 23:17:42.280383+00,dryck - glogg - Glögg
383da7e6-e274-4857-9bbd-b6e8744d5995,Chokladkräm & Nötsmör,bakning-mjol-och-gryn-chokladkram-och-notsmor-chokladkram-notsmor,,Produkter inom chokladkräm & nötsmör.,Handla Chokladkräm & Nötsmör Online - 12+ produkter | Vihandlar.se,Jämför priser på 12+ chokladkräm & nötsmör-produkter från flera butiker. Snabb leverans direkt hem.,12,2025-11-16 23:17:42.280383+00,2025-11-16 23:17:42.280383+00,bakning-mjol-och-gryn - chokladkram-och-notsmor - Chokladkräm & Nötsmör
387c6a58-db8b-4a1a-802f-6a86f216cbd7,Glutenfri Pasta,pasta-pastasas-pasta-glutenfri-pasta-glutenfri-pasta,,Produkter inom glutenfri pasta.,Handla Glutenfri Pasta Online - 6+ produkter | Vihandlar.se,Jämför priser på 6+ glutenfri pasta-produkter från flera butiker. Snabb leverans direkt hem.,6,2025-11-16 23:17:42.280383+00,2025-11-16 23:17:42.280383+00,pasta-pastasas - pasta - glutenfri-pasta - Glutenfri Pasta
388e357f-86b7-4fbd-a390-8feaca53b54e,Kola,dessert-konfektyr-snacks-kola-kola,,Produkter inom kola.,Handla Kola Online - 8+ produkter | Vihandlar.se,Jämför priser på 8+ kola-produkter från flera butiker. Snabb leverans direkt hem.,8,2025-11-16 23:17:42.280383+00,2025-11-16 23:17:42.280383+00,dessert-konfektyr-snacks - kola - Kola
3d15a70b-9823-46ad-8876-e41c6e73ed9d,Olivolja,olja-vin-vinager-och-balsamico-olivolja-olivolja,,Produkter inom olivolja.,Handla Olivolja Online - 20+ produkter | Vihandlar.se,Jämför priser på 20+ olivolja-produkter från flera butiker. Snabb leverans direkt hem.,20,2025-11-16 23:17:42.280383+00,2025-11-16 23:17:42.280383+00,olja-vin-vinager-och-balsamico - olivolja - Olivolja
3f48dd30-e639-41d2-9183-5874a219e3ae,Ketchup & Tomatpuré,smaksattare-ketchup-och-tomatpure-ketchup-tomatpur,,Produkter inom ketchup & tomatpuré.,Handla Ketchup & Tomatpuré Online - 4+ produkter | Vihandlar.se,Jämför priser på 4+ ketchup & tomatpuré-produkter från flera butiker. Snabb leverans direkt hem.,4,2025-11-16 23:17:42.280383+00,2025-11-16 23:17:42.280383+00,smaksattare - ketchup-och-tomatpure - Ketchup & Tomatpuré
3ff7e3dc-9de4-4851-9c0c-2cdb142b7acb,Fullkornspasta,pasta-pastasas-pasta-fullkornspasta-fullkornspasta,,Produkter inom fullkornspasta.,Handla Fullkornspasta Online - 1+ produkter | Vihandlar.se,Jämför priser på 1+ fullkornspasta-produkter från flera butiker. Snabb leverans direkt hem.,1,2025-11-16 23:17:42.280383+00,2025-11-16 23:17:42.280383+00,pasta-pastasas - pasta - fullkornspasta - Fullkornspasta
40612915-590e-4d0c-b6b6-4b8ed1fafb8a,Hela Kaffebönor,kaffe-te-bryggkaffe-hela-bonor-hela-kaffebonor,,Produkter inom hela kaffebönor.,Handla Hela Kaffebönor Online - 3+ produkter | Vihandlar.se,Jämför priser på 3+ hela kaffebönor-produkter från flera butiker. Snabb leverans direkt hem.,3,2025-11-16 23:17:42.280383+00,2025-11-16 23:17:42.280383+00,kaffe-te - bryggkaffe-hela-bonor - Hela Kaffebönor
40b84944-ab34-426a-aa0d-8ec65ff5ffa0,Grillsåser,smaksattare-grillsaser-grillsaser,,Produkter inom grillsåser.,Handla Grillsåser Online - 6+ produkter | Vihandlar.se,Jämför priser på 6+ grillsåser-produkter från flera butiker. Snabb leverans direkt hem.,6,2025-11-16 23:17:42.280383+00,2025-11-16 23:17:42.280383+00,smaksattare - grillsaser - Grillsåser
47f0f35d-45ba-47bb-b270-7d68e53940b0,Nudlar,pasta-pastasas-nudlar-nudlar,,Produkter inom nudlar.,Handla Nudlar Online - 13+ produkter | Vihandlar.se,Jämför priser på 13+ nudlar-produkter från flera butiker. Snabb leverans direkt hem.,13,2025-11-16 23:17:42.280383+00,2025-11-16 23:17:42.280383+00,pasta-pastasas - nudlar - Nudlar
4a2021e8-5031-4a5c-9d5c-52e2f9fb2a4e,Kakor  Söta Kex & Fika,hart-brod-och-fika-fikabrod-och-kakor-kakor-sota-kex-fika,,Produkter inom kakor  söta kex & fika.,Handla Kakor  Söta Kex & Fika Online - 14+ produkter | Vihandlar.se,Jämför priser på 14+ kakor  söta kex & fika-produkter från flera butiker. Snabb leverans direkt hem.,14,2025-11-16 23:17:42.280383+00,2025-11-16 23:17:42.280383+00,hart-brod-och-fika - fikabrod-och-kakor - Kakor  Söta Kex & Fika
4b13ca07-1e09-418a-a253-457327c2cca9,Kök,kok-hushall-hjalpmedel-kok-hjalpmedel-kok,,Produkter inom kök.,Handla Kök Online - 11+ produkter | Vihandlar.se,Jämför priser på 11+ kök-produkter från flera butiker. Snabb leverans direkt hem.,11,2025-11-16 23:17:42.280383+00,2025-11-16 23:17:42.280383+00,kok-hushall - hjalpmedel-kok - Hjälpmedel - Kök
4b602346-6a3a-4d3b-ae70-f0a3e430d607,Asien,varldens-mat-asien-asien,,Produkter inom asien.,Handla Asien Online - 7+ produkter | Vihandlar.se,Jämför priser på 7+ asien-produkter från flera butiker. Snabb leverans direkt hem.,7,2025-11-16 23:17:42.280383+00,2025-11-16 23:17:42.280383+00,varldens-mat - asien - Asien
4baaa5a0-1ffa-4bb7-adac-7d69b87b2b4a,Bakmix  Deg & Tårtbotten,bakning-mjol-och-gryn-bakmix-deg-och-tartbotten-bakmix-deg-tartbotten,,Produkter inom bakmix  deg & tårtbotten.,Handla Bakmix  Deg & Tårtbotten Online - 3+ produkter | Vihandlar.se,Jämför priser på 3+ bakmix  deg & tårtbotten-produkter från flera butiker. Snabb leverans direkt hem.,3,2025-11-16 23:17:42.280383+00,2025-11-16 23:17:42.280383+00,bakning-mjol-och-gryn - bakmix-deg-och-tartbotten - Bakmix  Deg & Tårtbotten
574cde84-5b68-438c-bdd0-241d5398c19c,Bakpulver & Gelatin,bakning-mjol-och-gryn-bakpulver-gelatin-och-sotningsmedel-bakpulver-gelatin,,Produkter inom bakpulver & gelatin.,Handla Bakpulver & Gelatin Online - 3+ produkter | Vihandlar.se,Jämför priser på 3+ bakpulver & gelatin-produkter från flera butiker. Snabb leverans direkt hem.,3,2025-11-16 23:17:42.280383+00,2025-11-16 23:17:42.280383+00,bakning-mjol-och-gryn - bakpulver-gelatin-och-sotningsmedel - Bakpulver & Gelatin
585ce906-9947-4173-bdb6-3401c4a25dc0,Smaksatt & Färgad Pasta,pasta-pastasas-smaksatt-pasta-smaksatt-fargad-pasta,,Produkter inom smaksatt & färgad pasta.,Handla Smaksatt & Färgad Pasta Online - 2+ produkter | Vihandlar.se,Jämför priser på 2+ smaksatt & färgad pasta-produkter från flera butiker. Snabb leverans direkt hem.,2,2025-11-16 23:17:42.280383+00,2025-11-16 23:17:42.280383+00,pasta-pastasas - smaksatt-pasta - Smaksatt & Färgad Pasta
59b5779b-794d-4b8e-9c8f-67e1453f5f6f,Sirap,socker-sirap-och-honung-sirap-sirap,,Produkter inom sirap.,Handla Sirap Online - 3+ produkter | Vihandlar.se,Jämför priser på 3+ sirap-produkter från flera butiker. Snabb leverans direkt hem.,3,2025-11-16 23:17:42.280383+00,2025-11-16 23:17:42.280383+00,socker-sirap-och-honung - sirap - Sirap
5d4d75a4-2e5a-47da-a62f-36c01e62b260,Senap,smaksattare-senap-senap,,Produkter inom senap.,Handla Senap Online - 10+ produkter | Vihandlar.se,Jämför priser på 10+ senap-produkter från flera butiker. Snabb leverans direkt hem.,10,2025-11-16 23:17:42.280383+00,2025-11-16 23:17:42.280383+00,smaksattare - senap - Senap
601045aa-87f6-4334-ae2c-852cbead0c15,Salt,kryddor-salt-salt,,Produkter inom salt.,Handla Salt Online - 17+ produkter | Vihandlar.se,Jämför priser på 17+ salt-produkter från flera butiker. Snabb leverans direkt hem.,17,2025-11-16 23:17:42.280383+00,2025-11-16 23:17:42.280383+00,kryddor - salt - Salt
61eaf74d-7b87-458b-bb34-7a13fb346de4,Snacks,dessert-konfektyr-snacks-snacks-snacks,,Produkter inom snacks.,Handla Snacks Online - 13+ produkter | Vihandlar.se,Jämför priser på 13+ snacks-produkter från flera butiker. Snabb leverans direkt hem.,13,2025-11-16 23:17:42.280383+00,2025-11-16 23:17:42.280383+00,dessert-konfektyr-snacks - snacks - Snacks
631d48bd-7c52-44e4-976e-49dc217d9bb3,Pepparkakor & Kakor,hogtider-tillfallen-jul-pepparkakor-pepparkakor-kakor,,Produkter inom pepparkakor & kakor.,Handla Pepparkakor & Kakor Online - 1+ produkter | Vihandlar.se,Jämför priser på 1+ pepparkakor & kakor-produkter från flera butiker. Snabb leverans direkt hem.,1,2025-11-16 23:17:42.280383+00,2025-11-16 23:17:42.280383+00,hogtider-tillfallen - jul - pepparkakor - Pepparkakor & Kakor
65f5bf41-7e7b-40ef-9691-2988717965b9,Hackare  Skalare & Pressar,kok-hushall-hackare-skalare-och-pressar-hackare-skalare-pressar,,Produkter inom hackare  skalare & pressar.,Handla Hackare  Skalare & Pressar Online - 1+ produkter | Vihandlar.se,Jämför priser på 1+ hackare  skalare & pressar-produkter från flera butiker. Snabb leverans direkt hem.,1,2025-11-16 23:17:42.280383+00,2025-11-16 23:17:42.280383+00,kok-hushall - hackare-skalare-och-pressar - Hackare  Skalare & Pressar
68964648-0759-4212-b915-8c4674f3f51c,Godis & Karameller,dessert-konfektyr-snacks-godis-godis-karameller,,Produkter inom godis & karameller.,Handla Godis & Karameller Online - 24+ produkter | Vihandlar.se,Jämför priser på 24+ godis & karameller-produkter från flera butiker. Snabb leverans direkt hem.,24,2025-11-16 23:17:42.280383+00,2025-11-16 23:17:42.280383+00,dessert-konfektyr-snacks - godis - Godis & Karameller
68e15676-9e1b-4a17-a223-b687efa802f3,Svamp,konserver-chark-svamp-svamp,,Produkter inom svamp.,Handla Svamp Online - 3+ produkter | Vihandlar.se,Jämför priser på 3+ svamp-produkter från flera butiker. Snabb leverans direkt hem.,3,2025-11-16 23:17:42.280383+00,2025-11-16 23:17:42.280383+00,konserver-chark - svamp - Svamp
6f4158cf-cee3-4ef4-aa38-8a07bf21064e,Snabbte,kaffe-te-snabbte-snabbte,,Produkter inom snabbte.,Handla Snabbte Online - 1+ produkter | Vihandlar.se,Jämför priser på 1+ snabbte-produkter från flera butiker. Snabb leverans direkt hem.,1,2025-11-16 23:17:42.280383+00,2025-11-16 23:17:42.280383+00,kaffe-te - snabbte - Snabbte
70da9544-d8d9-497b-9c81-f8e5e4c98561,Alkoholfritt,dryck-alkoholfri-sprit-sprit-alkoholfritt,,Produkter inom alkoholfritt.,Handla Alkoholfritt Online - 1+ produkter | Vihandlar.se,Jämför priser på 1+ alkoholfritt-produkter från flera butiker. Snabb leverans direkt hem.,1,2025-11-16 23:17:42.280383+00,2025-11-16 23:17:42.280383+00,dryck - alkoholfri-sprit - Sprit - Alkoholfritt
716eddfd-8071-48af-9711-baf51b58bf4d,Popcorn,dessert-konfektyr-snacks-popcorn-popcorn,,Produkter inom popcorn.,Handla Popcorn Online - 6+ produkter | Vihandlar.se,Jämför priser på 6+ popcorn-produkter från flera butiker. Snabb leverans direkt hem.,6,2025-11-16 23:17:42.280383+00,2025-11-16 23:17:42.280383+00,dessert-konfektyr-snacks - popcorn - Popcorn
75cc30cf-fc3b-494c-a31c-004220a0873c,Lösvikt,kaffe-te-te-losvikt-te-losvikt,,Produkter inom lösvikt.,Handla Lösvikt Online - 20+ produkter | Vihandlar.se,Jämför priser på 20+ lösvikt-produkter från flera butiker. Snabb leverans direkt hem.,20,2025-11-16 23:17:42.280383+00,2025-11-16 23:17:42.280383+00,kaffe-te - te-losvikt - Te - Lösvikt
772fb2bb-94f9-4e72-8141-3a084a1b2210,Smaksatt Olivolja,olja-vin-vinager-och-balsamico-smaksatt-olivolja-smaksatt-olivolja,,Produkter inom smaksatt olivolja.,Handla Smaksatt Olivolja Online - 9+ produkter | Vihandlar.se,Jämför priser på 9+ smaksatt olivolja-produkter från flera butiker. Snabb leverans direkt hem.,9,2025-11-16 23:17:42.280383+00,2025-11-16 23:17:42.280383+00,olja-vin-vinager-och-balsamico - smaksatt-olivolja - Smaksatt Olivolja
7aad6962-74ad-49c4-ab14-13ad97572cfd,Matcha,kaffe-te-matcha-matcha,,Produkter inom matcha.,Handla Matcha Online - 1+ produkter | Vihandlar.se,Jämför priser på 1+ matcha-produkter från flera butiker. Snabb leverans direkt hem.,1,2025-11-16 23:17:42.280383+00,2025-11-16 23:17:42.280383+00,kaffe-te - matcha - Matcha
7bf13f5d-1134-445b-86eb-35f1db2c5674,Mandelmassa & Marsipan,bakning-mjol-och-gryn-mandelmassa-och-marsipan-mandelmassa-marsipan,,Produkter inom mandelmassa & marsipan.,Handla Mandelmassa & Marsipan Online - 1+ produkter | Vihandlar.se,Jämför priser på 1+ mandelmassa & marsipan-produkter från flera butiker. Snabb leverans direkt hem.,1,2025-11-16 23:17:42.280383+00,2025-11-16 23:17:42.280383+00,bakning-mjol-och-gryn - mandelmassa-och-marsipan - Mandelmassa & Marsipan
7cdb5611-fe9a-461d-909d-cf10b1b38a70,Marinad  Rub & Glaze,smaksattare-marinad-rub-och-glaze-marinad-rub-glaze,,Produkter inom marinad  rub & glaze.,Handla Marinad  Rub & Glaze Online - 7+ produkter | Vihandlar.se,Jämför priser på 7+ marinad  rub & glaze-produkter från flera butiker. Snabb leverans direkt hem.,7,2025-11-16 23:17:42.280383+00,2025-11-16 23:17:42.280383+00,smaksattare - marinad-rub-och-glaze - Marinad  Rub & Glaze
7d9f8a90-d7d1-4457-9bdd-29f7dc47f4d4,Bartillbehör,kok-hushall-bartillbehor-bartillbehor,,Produkter inom bartillbehör.,Handla Bartillbehör Online - 9+ produkter | Vihandlar.se,Jämför priser på 9+ bartillbehör-produkter från flera butiker. Snabb leverans direkt hem.,9,2025-11-16 23:17:42.280383+00,2025-11-16 23:17:42.280383+00,kok-hushall - bartillbehor - Bartillbehör
7f22b6a8-e055-4b52-a47c-11c35f256731,Dressing & Majonnäs,smaksattare-dressing-och-majonnas-dressing-majonnas,,Produkter inom dressing & majonnäs.,Handla Dressing & Majonnäs Online - 6+ produkter | Vihandlar.se,Jämför priser på 6+ dressing & majonnäs-produkter från flera butiker. Snabb leverans direkt hem.,6,2025-11-16 23:17:42.280383+00,2025-11-16 23:17:42.280383+00,smaksattare - dressing-och-majonnas - Dressing & Majonnäs
8247740e-43a5-492d-9655-5d1331cb5d25,Vatten,dryck-vatten-vatten,,Produkter inom vatten.,Handla Vatten Online - 5+ produkter | Vihandlar.se,Jämför priser på 5+ vatten-produkter från flera butiker. Snabb leverans direkt hem.,5,2025-11-16 23:17:42.280383+00,2025-11-16 23:17:42.280383+00,dryck - vatten - Vatten
84f3e9f9-da20-49f5-a459-76e710fd61de,Övriga Baktillbehör,bakning-mjol-och-gryn-baktillbehor-ovriga-baktillbehor,,Produkter inom övriga baktillbehör.,Handla Övriga Baktillbehör Online - 5+ produkter | Vihandlar.se,Jämför priser på 5+ övriga baktillbehör-produkter från flera butiker. Snabb leverans direkt hem.,5,2025-11-16 23:17:42.280383+00,2025-11-16 23:17:42.280383+00,bakning-mjol-och-gryn - baktillbehor - Övriga Baktillbehör
84f8073a-439e-4eba-969f-0fb9f3ce5f51,Snabbkaffe,kaffe-te-snabbkaffe-snabbkaffe,,Produkter inom snabbkaffe.,Handla Snabbkaffe Online - 3+ produkter | Vihandlar.se,Jämför priser på 3+ snabbkaffe-produkter från flera butiker. Snabb leverans direkt hem.,3,2025-11-16 23:17:42.280383+00,2025-11-16 23:17:42.280383+00,kaffe-te - snabbkaffe - Snabbkaffe
86ef1f68-cda6-4ff4-ad45-84ba3ab7ab19,Matkex,hart-brod-och-fika-kex-matkex,,Produkter inom matkex.,Handla Matkex Online - 4+ produkter | Vihandlar.se,Jämför priser på 4+ matkex-produkter från flera butiker. Snabb leverans direkt hem.,4,2025-11-16 23:17:42.280383+00,2025-11-16 23:17:42.280383+00,hart-brod-och-fika - kex - Matkex
8e49af23-3172-4855-957e-1db5307f35b0,Tepåsar,kaffe-te-tepasar-tepasar,,Produkter inom tepåsar.,Handla Tepåsar Online - 22+ produkter | Vihandlar.se,Jämför priser på 22+ tepåsar-produkter från flera butiker. Snabb leverans direkt hem.,22,2025-11-16 23:17:42.280383+00,2025-11-16 23:17:42.280383+00,kaffe-te - tepasar - Tepåsar
8f80d170-10e7-4dcc-824b-3933f513256b,Kryddor,kryddor-kryddor,,Produkter inom kryddor.,Handla Kryddor Online - 3+ produkter | Vihandlar.se,Jämför priser på 3+ kryddor-produkter från flera butiker. Snabb leverans direkt hem.,3,2025-11-16 23:17:42.280383+00,2025-11-16 23:17:42.280383+00,kryddor - Kryddor
8fe69114-44eb-4351-95fb-c2a399e84868,Chips & Majschips,dessert-konfektyr-snacks-chips-chips-majschips,,Produkter inom chips & majschips.,Handla Chips & Majschips Online - 15+ produkter | Vihandlar.se,Jämför priser på 15+ chips & majschips-produkter från flera butiker. Snabb leverans direkt hem.,15,2025-11-16 23:17:42.280383+00,2025-11-16 23:17:42.280383+00,dessert-konfektyr-snacks - chips - Chips & Majschips
9103bd27-2a30-42c8-ba95-aae514ff2a47,Kaffetillbehör,kaffe-te-kaffetillbehor-kaffetillbehor,,Produkter inom kaffetillbehör.,Handla Kaffetillbehör Online - 1+ produkter | Vihandlar.se,Jämför priser på 1+ kaffetillbehör-produkter från flera butiker. Snabb leverans direkt hem.,1,2025-11-16 23:17:42.280383+00,2025-11-16 23:17:42.280383+00,kaffe-te - kaffetillbehor - Kaffetillbehör
948b4ab2-1f37-428b-a3f9-c8ca5965413a,Läsk & Stilldrink,dryck-lask-stilldrink-lask-stilldrink,,Produkter inom läsk & stilldrink.,Handla Läsk & Stilldrink Online - 67+ produkter | Vihandlar.se,Jämför priser på 67+ läsk & stilldrink-produkter från flera butiker. Snabb leverans direkt hem.,67,2025-11-16 23:17:42.280383+00,2025-11-16 23:17:42.280383+00,dryck - lask-stilldrink - Läsk & Stilldrink
95d8662b-6b8a-4045-b9bb-af433d5f86c3,Alkoholfritt,dryck-vin-alkoholfritt-vin-alkoholfritt,,Produkter inom alkoholfritt.,Handla Alkoholfritt Online - 7+ produkter | Vihandlar.se,Jämför priser på 7+ alkoholfritt-produkter från flera butiker. Snabb leverans direkt hem.,7,2025-11-16 23:17:42.280383+00,2025-11-16 23:17:42.280383+00,dryck - vin-alkoholfritt - Vin - Alkoholfritt
96f94155-06e8-4253-a772-3a87fae318c9,Saft & Lemonad,dryck-saft-saft-lemonad,,Produkter inom saft & lemonad.,Handla Saft & Lemonad Online - 8+ produkter | Vihandlar.se,Jämför priser på 8+ saft & lemonad-produkter från flera butiker. Snabb leverans direkt hem.,8,2025-11-16 23:17:42.280383+00,2025-11-16 23:17:42.280383+00,dryck - saft - Saft & Lemonad
9781e468-d387-4250-ac97-8861d3b6d600,Polenta,ris-gryn-matkorn-polenta-polenta,,Produkter inom polenta.,Handla Polenta Online - 1+ produkter | Vihandlar.se,Jämför priser på 1+ polenta-produkter från flera butiker. Snabb leverans direkt hem.,1,2025-11-16 23:17:42.280383+00,2025-11-16 23:17:42.280383+00,ris-gryn-matkorn - polenta - Polenta
98c5fc84-e2da-4200-b6fd-33661d57e042,Matgryn,ris-gryn-matkorn-matgryn-matgryn,,Produkter inom matgryn.,Handla Matgryn Online - 1+ produkter | Vihandlar.se,Jämför priser på 1+ matgryn-produkter från flera butiker. Snabb leverans direkt hem.,1,2025-11-16 23:17:42.280383+00,2025-11-16 23:17:42.280383+00,ris-gryn-matkorn - matgryn - Matgryn
99eab606-7e68-4f31-91fb-2fe26d215ab9,Mixers,dryck-mixers-mixers,,Produkter inom mixers.,Handla Mixers Online - 17+ produkter | Vihandlar.se,Jämför priser på 17+ mixers-produkter från flera butiker. Snabb leverans direkt hem.,17,2025-11-16 23:17:42.280383+00,2025-11-16 23:17:42.280383+00,dryck - mixers - Mixers
9a426ed6-69a0-4556-8c27-c7f13003440b,Julbak,hogtider-tillfallen-jul-julbak-julbak,,Produkter inom julbak.,Handla Julbak Online - 1+ produkter | Vihandlar.se,Jämför priser på 1+ julbak-produkter från flera butiker. Snabb leverans direkt hem.,1,2025-11-16 23:17:42.280383+00,2025-11-16 23:17:42.280383+00,hogtider-tillfallen - jul - julbak - Julbak
9b14c35f-ad94-4426-9533-c6742d45f0c6,Malet Kaffe,kaffe-te-bryggkaffe-malet-malet-kaffe,,Produkter inom malet kaffe.,Handla Malet Kaffe Online - 15+ produkter | Vihandlar.se,Jämför priser på 15+ malet kaffe-produkter från flera butiker. Snabb leverans direkt hem.,15,2025-11-16 23:17:42.280383+00,2025-11-16 23:17:42.280383+00,kaffe-te - bryggkaffe-malet - Malet Kaffe
9b30fc6f-e1ac-48fe-8449-7276787ff8f6,Frukt,konserver-chark-fruktkonserver-frukt,,Produkter inom frukt.,Handla Frukt Online - 5+ produkter | Vihandlar.se,Jämför priser på 5+ frukt-produkter från flera butiker. Snabb leverans direkt hem.,5,2025-11-16 23:17:42.280383+00,2025-11-16 23:17:42.280383+00,konserver-chark - fruktkonserver - Frukt
9d716d88-5556-4933-9163-5b6e73e14238,Koffeinfritt,kaffe-te-koffeinfritt-koffeinfritt,,Produkter inom koffeinfritt.,Handla Koffeinfritt Online - 3+ produkter | Vihandlar.se,Jämför priser på 3+ koffeinfritt-produkter från flera butiker. Snabb leverans direkt hem.,3,2025-11-16 23:17:42.280383+00,2025-11-16 23:17:42.280383+00,kaffe-te - koffeinfritt - Koffeinfritt
a30bcc20-b416-45ae-a330-f9ce6b748491,Chilisås & Hot Sauce,smaksattare-chilisas-chilisas-hot-sauce,,Produkter inom chilisås & hot sauce.,Handla Chilisås & Hot Sauce Online - 22+ produkter | Vihandlar.se,Jämför priser på 22+ chilisås & hot sauce-produkter från flera butiker. Snabb leverans direkt hem.,22,2025-11-16 23:17:42.280383+00,2025-11-16 23:17:42.280383+00,smaksattare - chilisas - Chilisås & Hot Sauce
a313b54e-8624-4f97-b14e-50f64105fe76,Konserver & Chark,konserver-chark-konserver-chark,,Produkter inom konserver & chark.,Handla Konserver & Chark Online - 2+ produkter | Vihandlar.se,Jämför priser på 2+ konserver & chark-produkter från flera butiker. Snabb leverans direkt hem.,2,2025-11-16 23:17:42.280383+00,2025-11-16 23:17:42.280383+00,konserver-chark - Konserver & Chark
a4db75af-d6de-44c5-af69-53d8ea0d987f,Chokladdryck,dryck-chokladdryck-chokladdryck,,Produkter inom chokladdryck.,Handla Chokladdryck Online - 6+ produkter | Vihandlar.se,Jämför priser på 6+ chokladdryck-produkter från flera butiker. Snabb leverans direkt hem.,6,2025-11-16 23:17:42.280383+00,2025-11-16 23:17:42.280383+00,dryck - chokladdryck - Chokladdryck
a9b024d5-001a-4e09-933c-5a1a8f1fd4ce,Grissini & Krutonger,hart-brod-och-fika-grisini-och-krutonger-grissini-krutonger,,Produkter inom grissini & krutonger.,Handla Grissini & Krutonger Online - 5+ produkter | Vihandlar.se,Jämför priser på 5+ grissini & krutonger-produkter från flera butiker. Snabb leverans direkt hem.,5,2025-11-16 23:17:42.280383+00,2025-11-16 23:17:42.280383+00,hart-brod-och-fika - grisini-och-krutonger - Grissini & Krutonger
aa6f8aaf-01d0-4377-8374-e651dfc8e0e9,Grönsaker,konserver-chark-ovriga-gronsaker-och-majs-gronsaker,,Produkter inom grönsaker.,Handla Grönsaker Online - 13+ produkter | Vihandlar.se,Jämför priser på 13+ grönsaker-produkter från flera butiker. Snabb leverans direkt hem.,13,2025-11-16 23:17:42.280383+00,2025-11-16 23:17:42.280383+00,konserver-chark - ovriga-gronsaker-och-majs - Grönsaker
aa980433-946c-4d94-b275-3f1c1fe70051,Smaksättare,smaksattare-smaksattare,,Produkter inom smaksättare.,Handla Smaksättare Online - 2+ produkter | Vihandlar.se,Jämför priser på 2+ smaksättare-produkter från flera butiker. Snabb leverans direkt hem.,2,2025-11-16 23:17:42.280383+00,2025-11-16 23:17:42.280383+00,smaksattare - Smaksättare
ad9df43b-3784-422d-8685-9b9e20c71a3b,Kök,kok-hushall-kok-kok,,Produkter inom kök.,Handla Kök Online - 1+ produkter | Vihandlar.se,Jämför priser på 1+ kök-produkter från flera butiker. Snabb leverans direkt hem.,1,2025-11-16 23:17:42.280383+00,2025-11-16 23:17:42.280383+00,kok-hushall - kok - Kök
adb49fbb-c362-499a-90b5-5a4a1e6be4e2,Tonic,dryck-tonic-tonic,,Produkter inom tonic.,Handla Tonic Online - 7+ produkter | Vihandlar.se,Jämför priser på 7+ tonic-produkter från flera butiker. Snabb leverans direkt hem.,7,2025-11-16 23:17:42.280383+00,2025-11-16 23:17:42.280383+00,dryck - tonic - Tonic
aeeb3dfa-d7dd-4912-9b82-4e1bdd2b0a16,Juice & Smoothies,dryck-juice-och-fruktdryck-juice-smoothies,,Produkter inom juice & smoothies.,Handla Juice & Smoothies Online - 13+ produkter | Vihandlar.se,Jämför priser på 13+ juice & smoothies-produkter från flera butiker. Snabb leverans direkt hem.,13,2025-11-16 23:17:42.280383+00,2025-11-16 23:17:42.280383+00,dryck - juice-och-fruktdryck - Juice & Smoothies
b00e0876-32a3-4758-a47a-f89de7fcaa89,Buljong,smaksattare-buljong-buljong,,Produkter inom buljong.,Handla Buljong Online - 1+ produkter | Vihandlar.se,Jämför priser på 1+ buljong-produkter från flera butiker. Snabb leverans direkt hem.,1,2025-11-16 23:17:42.280383+00,2025-11-16 23:17:42.280383+00,smaksattare - buljong - Buljong
b1d9345c-8ed1-4512-8613-bd6a4626bfad,Kaffe & Te,kaffe-te-kaffe-te,,Produkter inom kaffe & te.,Handla Kaffe & Te Online - 1+ produkter | Vihandlar.se,Jämför priser på 1+ kaffe & te-produkter från flera butiker. Snabb leverans direkt hem.,1,2025-11-16 23:17:42.280383+00,2025-11-16 23:17:42.280383+00,kaffe-te - Kaffe & Te
b301be51-12f1-49e6-bd3e-a56a3e2c9de6,Cider & Must,dryck-cider-must-cider-must,,Produkter inom cider & must.,Handla Cider & Must Online - 15+ produkter | Vihandlar.se,Jämför priser på 15+ cider & must-produkter från flera butiker. Snabb leverans direkt hem.,15,2025-11-16 23:17:42.280383+00,2025-11-16 23:17:42.280383+00,dryck - cider-must - Cider & Must
b5914a09-9f2e-4af3-935e-a5cc8a105e3c,Marmelad,sylt-marmelad-marmelad-marmelad,,Produkter inom marmelad.,Handla Marmelad Online - 9+ produkter | Vihandlar.se,Jämför priser på 9+ marmelad-produkter från flera butiker. Snabb leverans direkt hem.,9,2025-11-16 23:17:42.280383+00,2025-11-16 23:17:42.280383+00,sylt-marmelad - marmelad - Marmelad
b5d64501-1bd1-4e00-a93c-9dbbc8864103,Pastasås,pasta-pastasas-pastasas-pastasas,,Produkter inom pastasås.,Handla Pastasås Online - 6+ produkter | Vihandlar.se,Jämför priser på 6+ pastasås-produkter från flera butiker. Snabb leverans direkt hem.,6,2025-11-16 23:17:42.280383+00,2025-11-16 23:17:42.280383+00,pasta-pastasas - pastasas - Pastasås
b897df25-eefe-4c06-aeab-07c0e9caff36,Ärtor,bonor-artor-och-linser-kikartor-artor,,Produkter inom ärtor.,Handla Ärtor Online - 2+ produkter | Vihandlar.se,Jämför priser på 2+ ärtor-produkter från flera butiker. Snabb leverans direkt hem.,2,2025-11-16 23:17:42.280383+00,2025-11-16 23:17:42.280383+00,bonor-artor-och-linser - kikartor - Ärtor
bc4a389a-fe6e-49e3-b9d0-1443bd39bb58,Lök- & Vitlökskryddor,kryddor-lok-och-vitlokskryddor-lok-vitlokskryddor,,Produkter inom lök- & vitlökskryddor.,Handla Lök- & Vitlökskryddor Online - 1+ produkter | Vihandlar.se,Jämför priser på 1+ lök- & vitlökskryddor-produkter från flera butiker. Snabb leverans direkt hem.,1,2025-11-16 23:17:42.280383+00,2025-11-16 23:17:42.280383+00,kryddor - lok-och-vitlokskryddor - Lök- & Vitlökskryddor
c14ef546-5374-4f77-aa36-0a83c2dde6bf,Pasta,pasta-pastasas-pasta-pasta,,Produkter inom pasta.,Handla Pasta Online - 29+ produkter | Vihandlar.se,Jämför priser på 29+ pasta-produkter från flera butiker. Snabb leverans direkt hem.,29,2025-11-16 23:17:42.280383+00,2025-11-16 23:17:42.280383+00,pasta-pastasas - pasta - Pasta
c2a19de2-e651-4b1a-90d5-0f7a03b340a1,Soppor,kram-soppor-och-mixer-soppor-soppor,,Produkter inom soppor.,Handla Soppor Online - 8+ produkter | Vihandlar.se,Jämför priser på 8+ soppor-produkter från flera butiker. Snabb leverans direkt hem.,8,2025-11-16 23:17:42.280383+00,2025-11-16 23:17:42.280383+00,kram-soppor-och-mixer - soppor - Soppor
c3464242-f29a-47c4-9429-b79e8c6fa13a,Dekoration,bakning-mjol-och-gryn-dekoration-dekoration,,Produkter inom dekoration.,Handla Dekoration Online - 8+ produkter | Vihandlar.se,Jämför priser på 8+ dekoration-produkter från flera butiker. Snabb leverans direkt hem.,8,2025-11-16 23:17:42.280383+00,2025-11-16 23:17:42.280383+00,bakning-mjol-och-gryn - dekoration - Dekoration
c38730e4-399e-4385-9598-34e0de664938,Julmat,hogtider-tillfallen-jul-julmat-julmat,,Produkter inom julmat.,Handla Julmat Online - 1+ produkter | Vihandlar.se,Jämför priser på 1+ julmat-produkter från flera butiker. Snabb leverans direkt hem.,1,2025-11-16 23:17:42.280383+00,2025-11-16 23:17:42.280383+00,hogtider-tillfallen - jul - julmat - Julmat
c430aa38-a045-4ed1-9f36-9367414bc648,Socker,socker-sirap-och-honung-socker-socker,,Produkter inom socker.,Handla Socker Online - 3+ produkter | Vihandlar.se,Jämför priser på 3+ socker-produkter från flera butiker. Snabb leverans direkt hem.,3,2025-11-16 23:17:42.280383+00,2025-11-16 23:17:42.280383+00,socker-sirap-och-honung - socker - Socker
ca2c6dd6-767e-4c9f-a5ac-c7e4d47421d9,Nougat,dessert-konfektyr-snacks-nougat-nougat,,Produkter inom nougat.,Handla Nougat Online - 2+ produkter | Vihandlar.se,Jämför priser på 2+ nougat-produkter från flera butiker. Snabb leverans direkt hem.,2,2025-11-16 23:17:42.280383+00,2025-11-16 23:17:42.280383+00,dessert-konfektyr-snacks - nougat - Nougat
cbe0492a-6b91-4493-bf1d-ae7385e41744,Julkalendrar,hogtider-tillfallen-jul-julkalendrar-julkalendrar,,Produkter inom julkalendrar.,Handla Julkalendrar Online - 5+ produkter | Vihandlar.se,Jämför priser på 5+ julkalendrar-produkter från flera butiker. Snabb leverans direkt hem.,5,2025-11-16 23:17:42.280383+00,2025-11-16 23:17:42.280383+00,hogtider-tillfallen - jul - julkalendrar - Julkalendrar
cda02ec3-633f-4208-a73f-940c9f068e83,Kalas & Tillbehör,kok-hushall-kalas-och-tillbehor-kalas-tillbehor,,Produkter inom kalas & tillbehör.,Handla Kalas & Tillbehör Online - 1+ produkter | Vihandlar.se,Jämför priser på 1+ kalas & tillbehör-produkter från flera butiker. Snabb leverans direkt hem.,1,2025-11-16 23:17:42.280383+00,2025-11-16 23:17:42.280383+00,kok-hushall - kalas-och-tillbehor - Kalas & Tillbehör
cfda6518-2143-482a-9872-1e91ad8e4d87,Salsa,smaksattare-salsa-salsa,,Produkter inom salsa.,Handla Salsa Online - 8+ produkter | Vihandlar.se,Jämför priser på 8+ salsa-produkter från flera butiker. Snabb leverans direkt hem.,8,2025-11-16 23:17:42.280383+00,2025-11-16 23:17:42.280383+00,smaksattare - salsa - Salsa
d1259774-4713-4f4a-9710-9f3710fe3f6f,Funktionell Dryck,dryck-halsodryck-och-funktionell-dryck-funktionell-dryck,,Produkter inom funktionell dryck.,Handla Funktionell Dryck Online - 20+ produkter | Vihandlar.se,Jämför priser på 20+ funktionell dryck-produkter från flera butiker. Snabb leverans direkt hem.,20,2025-11-16 23:17:42.280383+00,2025-11-16 23:17:42.280383+00,dryck - halsodryck-och-funktionell-dryck - Funktionell Dryck
d20602e8-b148-42b1-9018-349c3b756e27,Oliver,konserver-chark-oliver-oliver,,Produkter inom oliver.,Handla Oliver Online - 16+ produkter | Vihandlar.se,Jämför priser på 16+ oliver-produkter från flera butiker. Snabb leverans direkt hem.,16,2025-11-16 23:17:42.280383+00,2025-11-16 23:17:42.280383+00,konserver-chark - oliver - Oliver
d2cf5312-6bf6-4309-95eb-c15ba786e4eb,Äppelmos,sylt-marmelad-applemos-appelmos,,Produkter inom äppelmos.,Handla Äppelmos Online - 1+ produkter | Vihandlar.se,Jämför priser på 1+ äppelmos-produkter från flera butiker. Snabb leverans direkt hem.,1,2025-11-16 23:17:42.280383+00,2025-11-16 23:17:42.280383+00,sylt-marmelad - applemos - Äppelmos
d5217437-93c9-4f52-98e4-8bebeb0a1b8a,Tomat,konserver-chark-tomat-tomat,,Produkter inom tomat.,Handla Tomat Online - 7+ produkter | Vihandlar.se,Jämför priser på 7+ tomat-produkter från flera butiker. Snabb leverans direkt hem.,7,2025-11-16 23:17:42.280383+00,2025-11-16 23:17:42.280383+00,konserver-chark - tomat - Tomat
d8bb8463-f2ab-4f07-a5da-f9a7fafcd91b,Fond & Soja,smaksattare-fond-och-soya-fond-soja,,Produkter inom fond & soja.,Handla Fond & Soja Online - 6+ produkter | Vihandlar.se,Jämför priser på 6+ fond & soja-produkter från flera butiker. Snabb leverans direkt hem.,6,2025-11-16 23:17:42.280383+00,2025-11-16 23:17:42.280383+00,smaksattare - fond-och-soya - Fond & Soja
db8d4fbe-ce6b-4c4b-8157-37da58a80193,Nötter  Kärnor & Frön,notter-fron-torkad-frukt-notter-karnor-och-fron-notter-karnor-fron,,Produkter inom nötter  kärnor & frön.,Handla Nötter  Kärnor & Frön Online - 8+ produkter | Vihandlar.se,Jämför priser på 8+ nötter  kärnor & frön-produkter från flera butiker. Snabb leverans direkt hem.,8,2025-11-16 23:17:42.280383+00,2025-11-16 23:17:42.280383+00,notter-fron-torkad-frukt - notter-karnor-och-fron - Nötter  Kärnor & Frön
dfab7155-f99c-4c55-b684-97d82bda44c5,Vinäger & Balsamico,olja-vin-vinager-och-balsamico-balsamvinager-balsamico-och-ovrig-vinager-vinager-balsamico,,Produkter inom vinäger & balsamico.,Handla Vinäger & Balsamico Online - 13+ produkter | Vihandlar.se,Jämför priser på 13+ vinäger & balsamico-produkter från flera butiker. Snabb leverans direkt hem.,13,2025-11-16 23:17:42.280383+00,2025-11-16 23:17:42.280383+00,olja-vin-vinager-och-balsamico - balsamvinager-balsamico-och-ovrig-vinager - Vinäger & Balsamico
dfab8d38-a36b-4d28-94dd-bc5621a58887,Fudge,dessert-konfektyr-snacks-fudge-fudge,,Produkter inom fudge.,Handla Fudge Online - 5+ produkter | Vihandlar.se,Jämför priser på 5+ fudge-produkter från flera butiker. Snabb leverans direkt hem.,5,2025-11-16 23:17:42.280383+00,2025-11-16 23:17:42.280383+00,dessert-konfektyr-snacks - fudge - Fudge
e18196f0-a090-4b86-8375-8dfd06a285f8,Bakning Tillbehör,kok-hushall-bakning-tillbehor-bakning-tillbehor,,Produkter inom bakning tillbehör.,Handla Bakning Tillbehör Online - 3+ produkter | Vihandlar.se,Jämför priser på 3+ bakning tillbehör-produkter från flera butiker. Snabb leverans direkt hem.,3,2025-11-16 23:17:42.280383+00,2025-11-16 23:17:42.280383+00,kok-hushall - bakning-tillbehor - Bakning Tillbehör
e1e9a9d0-8de7-4029-8f05-30abe9ad6164,Mjölkdrycker,dryck-havredryck-mjolkdrycker,,Produkter inom mjölkdrycker.,Handla Mjölkdrycker Online - 3+ produkter | Vihandlar.se,Jämför priser på 3+ mjölkdrycker-produkter från flera butiker. Snabb leverans direkt hem.,3,2025-11-16 23:17:42.280383+00,2025-11-16 23:17:42.280383+00,dryck - havredryck - Mjölkdrycker
e28f4e04-06dc-4132-9956-87f9f5ff98ec,Mjöl,bakning-mjol-och-gryn-mjol-mjol,,Produkter inom mjöl.,Handla Mjöl Online - 14+ produkter | Vihandlar.se,Jämför priser på 14+ mjöl-produkter från flera butiker. Snabb leverans direkt hem.,14,2025-11-16 23:17:42.280383+00,2025-11-16 23:17:42.280383+00,bakning-mjol-och-gryn - mjol - Mjöl
e3995e2b-20cf-4fb1-b7ff-aae50ee30d8f,Gryn,bakning-mjol-och-gryn-gryn-gryn,,Produkter inom gryn.,Handla Gryn Online - 5+ produkter | Vihandlar.se,Jämför priser på 5+ gryn-produkter från flera butiker. Snabb leverans direkt hem.,5,2025-11-16 23:17:42.280383+00,2025-11-16 23:17:42.280383+00,bakning-mjol-och-gryn - gryn - Gryn
e6ab946a-bbf6-43f6-9592-346d806ee118,Tryffel,smaksattare-tryffel-tryffel,,Produkter inom tryffel.,Handla Tryffel Online - 6+ produkter | Vihandlar.se,Jämför priser på 6+ tryffel-produkter från flera butiker. Snabb leverans direkt hem.,6,2025-11-16 23:17:42.280383+00,2025-11-16 23:17:42.280383+00,smaksattare - tryffel - Tryffel
e80aa2ac-5b24-4bf4-a904-e0383c5b8577,Julen,hogtider-tillfallen-jul-julen,,Produkter inom julen.,Handla Julen Online - 2+ produkter | Vihandlar.se,Jämför priser på 2+ julen-produkter från flera butiker. Snabb leverans direkt hem.,2,2025-11-16 23:17:42.280383+00,2025-11-16 23:17:42.280383+00,hogtider-tillfallen - jul - Julen
e890d7a5-2f55-4f84-a56a-b0f6d3fb9af4,Tapenade,smaksattare-tapenade-tapenade,,Produkter inom tapenade.,Handla Tapenade Online - 2+ produkter | Vihandlar.se,Jämför priser på 2+ tapenade-produkter från flera butiker. Snabb leverans direkt hem.,2,2025-11-16 23:17:42.280383+00,2025-11-16 23:17:42.280383+00,smaksattare - tapenade - Tapenade
e94bc8b8-dc85-432d-b663-6109d1c7d3a9,Bakchoklad & Kakao,bakning-mjol-och-gryn-bakchoklad-och-kakao-bakchoklad-kakao,,Produkter inom bakchoklad & kakao.,Handla Bakchoklad & Kakao Online - 3+ produkter | Vihandlar.se,Jämför priser på 3+ bakchoklad & kakao-produkter från flera butiker. Snabb leverans direkt hem.,3,2025-11-16 23:17:42.280383+00,2025-11-16 23:17:42.280383+00,bakning-mjol-och-gryn - bakchoklad-och-kakao - Bakchoklad & Kakao
ec47cdc1-a40b-4085-8f46-44c0d8062931,Glögg & Dryck,hogtider-tillfallen-jul-glogg-dryck-glogg-dryck,,Produkter inom glögg & dryck.,Handla Glögg & Dryck Online - 2+ produkter | Vihandlar.se,Jämför priser på 2+ glögg & dryck-produkter från flera butiker. Snabb leverans direkt hem.,2,2025-11-16 23:17:42.280383+00,2025-11-16 23:17:42.280383+00,hogtider-tillfallen - jul - glogg-dryck - Glögg & Dryck
ec95060e-d1e1-4dfc-8acd-9cb34636c06d,Delikatessinläggningar,konserver-chark-delikatessinlaggningar-delikatessinlaggningar,,Produkter inom delikatessinläggningar.,Handla Delikatessinläggningar Online - 4+ produkter | Vihandlar.se,Jämför priser på 4+ delikatessinläggningar-produkter från flera butiker. Snabb leverans direkt hem.,4,2025-11-16 23:17:42.280383+00,2025-11-16 23:17:42.280383+00,konserver-chark - delikatessinlaggningar - Delikatessinläggningar
f029fd8e-0609-4527-b3d4-c2f4744e605c,Pesto & Tapenade,smaksattare-pesto-tapenade-pesto-tapenade,,Produkter inom pesto & tapenade.,Handla Pesto & Tapenade Online - 6+ produkter | Vihandlar.se,Jämför priser på 6+ pesto & tapenade-produkter från flera butiker. Snabb leverans direkt hem.,6,2025-11-16 23:17:42.280383+00,2025-11-16 23:17:42.280383+00,smaksattare - pesto-tapenade - Pesto & Tapenade
f042618d-9ac4-4a1c-9e50-28bd83d9db63,Bakformar  Folie & Påsar,kok-hushall-bakformar-folie-och-pasar-bakformar-folie-pasar,,Produkter inom bakformar  folie & påsar.,Handla Bakformar  Folie & Påsar Online - 6+ produkter | Vihandlar.se,Jämför priser på 6+ bakformar  folie & påsar-produkter från flera butiker. Snabb leverans direkt hem.,6,2025-11-16 23:17:42.280383+00,2025-11-16 23:17:42.280383+00,kok-hushall - bakformar-folie-och-pasar - Bakformar  Folie & Påsar
f24f7635-bf52-4161-bb1f-a68da7ec1e2f,Flingor,flingor-och-musli-flingor-flingor,,Produkter inom flingor.,Handla Flingor Online - 2+ produkter | Vihandlar.se,Jämför priser på 2+ flingor-produkter från flera butiker. Snabb leverans direkt hem.,2,2025-11-16 23:17:42.280383+00,2025-11-16 23:17:42.280383+00,flingor-och-musli - flingor - Flingor
f34d4abc-ad80-4347-9761-c087b70c9c8d,Öl & Alkoholfri Öl,dryck-ol-alkoholfritt-ol-alkoholfri-ol,,Produkter inom öl & alkoholfri öl.,Handla Öl & Alkoholfri Öl Online - 4+ produkter | Vihandlar.se,Jämför priser på 4+ öl & alkoholfri öl-produkter från flera butiker. Snabb leverans direkt hem.,4,2025-11-16 23:17:42.280383+00,2025-11-16 23:17:42.280383+00,dryck - ol-alkoholfritt - Öl & Alkoholfri Öl
f4e51da6-d657-4736-b2dc-80ecd1a3ab04,Presenttips,presentboxar-presenttips,,Produkter inom presenttips.,Handla Presenttips Online - 1+ produkter | Vihandlar.se,Jämför priser på 1+ presenttips-produkter från flera butiker. Snabb leverans direkt hem.,1,2025-11-16 23:17:42.280383+00,2025-11-16 23:17:42.280383+00,presentboxar - Presenttips
f55ffa16-a73c-48f4-bda8-a1ce6a556902,Övrig Matolja,olja-vin-vinager-och-balsamico-ovrig-matolja-ovrig-matolja,,Produkter inom övrig matolja.,Handla Övrig Matolja Online - 4+ produkter | Vihandlar.se,Jämför priser på 4+ övrig matolja-produkter från flera butiker. Snabb leverans direkt hem.,4,2025-11-16 23:17:42.280383+00,2025-11-16 23:17:42.280383+00,olja-vin-vinager-och-balsamico - ovrig-matolja - Övrig Matolja
f65c1e8f-9d5d-4a37-869d-978d8e9f02c5,Dessert,dessert-konfektyr-snacks-dessert-dessert,,Produkter inom dessert.,Handla Dessert Online - 4+ produkter | Vihandlar.se,Jämför priser på 4+ dessert-produkter från flera butiker. Snabb leverans direkt hem.,4,2025-11-16 23:17:42.280383+00,2025-11-16 23:17:42.280383+00,dessert-konfektyr-snacks - dessert - Dessert
f78030ec-1a86-4c74-a659-9333dd0b1a02,Lakrits,dessert-konfektyr-snacks-lakrits-lakrits,,Produkter inom lakrits.,Handla Lakrits Online - 17+ produkter | Vihandlar.se,Jämför priser på 17+ lakrits-produkter från flera butiker. Snabb leverans direkt hem.,17,2025-11-16 23:17:42.280383+00,2025-11-16 23:17:42.280383+00,dessert-konfektyr-snacks - lakrits - Lakrits
fa1f38ef-74db-4ddc-9b54-1164273700dd,Smaksatt dryck,dryck-havredryck-smaksatt-dryck-smaksatt-dryck,,Produkter inom smaksatt dryck.,Handla Smaksatt dryck Online - 1+ produkter | Vihandlar.se,Jämför priser på 1+ smaksatt dryck-produkter från flera butiker. Snabb leverans direkt hem.,1,2025-11-16 23:17:42.280383+00,2025-11-16 23:17:42.280383+00,dryck - havredryck - smaksatt-dryck - Smaksatt dryck
fa4b4299-2cbb-471a-b9ec-d306bc0114a6,Godis  Choklad & Snacks,hogtider-tillfallen-jul-godis-choklad-snacks-godis-choklad-snacks,,Produkter inom godis  choklad & snacks.,Handla Godis  Choklad & Snacks Online - 1+ produkter | Vihandlar.se,Jämför priser på 1+ godis  choklad & snacks-produkter från flera butiker. Snabb leverans direkt hem.,1,2025-11-16 23:17:42.280383+00,2025-11-16 23:17:42.280383+00,hogtider-tillfallen - jul - godis-choklad-snacks - Godis  Choklad & Snacks
fa4b9ac1-4471-4c63-a886-5bb944c88947,Peppar,kryddor-peppar-peppar,,Produkter inom peppar.,Handla Peppar Online - 4+ produkter | Vihandlar.se,Jämför priser på 4+ peppar-produkter från flera butiker. Snabb leverans direkt hem.,4,2025-11-16 23:17:42.280383+00,2025-11-16 23:17:42.280383+00,kryddor - peppar - Peppar
fb6d3cc9-caa0-4820-b7dc-b3eda72bda8c,Müsli & Granola,flingor-och-musli-musli-och-granola-m-sli-granola,,Produkter inom müsli & granola.,Handla Müsli & Granola Online - 4+ produkter | Vihandlar.se,Jämför priser på 4+ müsli & granola-produkter från flera butiker. Snabb leverans direkt hem.,4,2025-11-16 23:17:42.280383+00,2025-11-16 23:17:42.280383+00,flingor-och-musli - musli-och-granola - Müsli & Granola
fddba2d0-1f55-42ca-9b32-52c3d48a9b4a,Mjukkonserver,konserver-chark-mjukkonserver-mjukkonserver,,Produkter inom mjukkonserver.,Handla Mjukkonserver Online - 1+ produkter | Vihandlar.se,Jämför priser på 1+ mjukkonserver-produkter från flera butiker. Snabb leverans direkt hem.,1,2025-11-16 23:17:42.280383+00,2025-11-16 23:17:42.280383+00,konserver-chark - mjukkonserver - Mjukkonserver
fed1ac82-6bd2-4ff3-8dd2-6a827af5bf8c,Nötter,dessert-konfektyr-snacks-notter-notter,,Produkter inom nötter.,Handla Nötter Online - 5+ produkter | Vihandlar.se,Jämför priser på 5+ nötter-produkter från flera butiker. Snabb leverans direkt hem.,5,2025-11-16 23:17:42.280383+00,2025-11-16 23:17:42.280383+00,dessert-konfektyr-snacks - notter - Nötter
ff24e3f9-787c-445d-9072-93655dee1937,Rapsolja,olja-vin-vinager-och-balsamico-rapsolja-rapsolja,,Produkter inom rapsolja.,Handla Rapsolja Online - 5+ produkter | Vihandlar.se,Jämför priser på 5+ rapsolja-produkter från flera butiker. Snabb leverans direkt hem.,5,2025-11-16 23:17:42.280383+00,2025-11-16 23:17:42.280383+00,olja-vin-vinager-och-balsamico - rapsolja - Rapsolja